[1, 3, 4, 17, 55, 59, -30],[False, False, True, True, False, False, True, False, False, False]
[2, 1, 3, 39, 69, 96, 27],[True, False, True, False, False, False, False, False, True, False]
[2, 1, 1, 1, 2, 2, 0],[True, False, False, False, False, False, True, False, True, False]
[1, 2, 1, -6, 18, -57, 203],[True, False, False, False, True, False, False, False, False, True]
[1, 0, -3, -8, -15, -24, -35],[True, True, True, False, False, False, False, False, False, False]
[-1, -11, -45, -115, -233, -411, -661],[True, True, False, True, False, False, False, False, False, False]
[3, 2, 2, 23, 15, 15, 603],[True, False, False, False, False, False, False, False, True, True]
[2, 10, 24, 56, 82, 186, 128],[False, False, True, True, True, False, False, False, False, False]
[1, 3, 1, -1, 3, 3, -3],[True, False, False, False, False, False, True, False, True, False]
[2, 3, 2, -6, 3, 30, 26],[True, False, False, False, False, False, True, False, False, True]
[1, 1, 2, 1, -11, 6, -479],[False, False, False, False, False, False, True, True, True, False]
[2, -16, -36, -90, -158, -272, -412],[True, False, False, True, True, False, False, False, False, False]
[1, 3, 38, 68, 139, 213, 336],[True, False, True, False, False, False, True, False, False, False]
[1, 2, 19, 79, 192, 253, -103],[False, False, True, False, True, False, True, False, False, False]
[2, 3, 1, 0, -8, 10, 14],[True, True, False, False, False, False, False, False, False, True]
[3, 2, 2, -12, 2, 58, -68],[False, False, False, False, True, False, True, False, True, False]
[3, 2, 2, 8, 20, 104, 608],[False, False, False, False, True, False, False, True, False, True]
[1, 1, 2, 2, -7, -4, -139],[True, False, False, False, False, False, False, True, False, True]
[3, 1, 1, 2, 3, -2, -11],[False, True, False, False, False, False, False, True, True, False]
[2, 3, 2, 18, 15, 56, -266],[False, True, False, False, False, False, True, False, False, True]
[2, 3, 1, -8, -7, -159, -278],[False, False, False, False, True, False, True, True, False, False]
[3, -9, -11, -13, -15, -17, -19],[True, True, False, False, True, False, False, False, False, False]
[3, 1, -46, -83, -175, -267, -424],[True, False, True, False, False, False, True, False, False, False]
[1, 2, 1, -7, 17, -142, -622],[False, False, False, False, False, False, False, True, True, True]
[2, 2, 3, 12, 15, 45, 81],[True, False, False, False, False, False, True, False, True, False]
[3, 3, -19, -33, -29, -37, -67],[True, False, True, False, False, False, True, False, False, False]
[1, 2, 3, 7, 11, 114, 202],[False, False, False, False, False, False, False, True, True, True]
[3, 3, 1, -53, -114, -209, -444],[True, False, False, True, False, False, False, False, True, False]
[3, 2, 3, 61, 92, 416, 668],[False, False, True, False, False, False, True, False, True, False]
[1, 2, 3, -17, 5, -11, 561],[False, True, False, False, True, False, False, False, False, True]
[2, 1, 1, 80, 123, 172, 71],[False, True, True, False, False, False, False, False, True, False]
[0, 15, 40, 75, 120, 175, 240],[True, False, True, True, False, False, False, False, False, False]
[1, 2, 3, -6, -11, -38, -123],[True, False, False, False, False, False, False, True, True, False]
[1, 2, 1, -76, -112, -164, -528],[False, True, True, False, False, False, False, False, True, False]
[-4, -9, -10, -1, 24, 71, 146],[True, False, True, True, False, False, False, False, False, False]
[2, 2, 3, -12, -11, 174, -123],[False, False, False, False, False, False, True, True, False, True]
[1, 1, 2, -7, -9, 72, -21],[False, False, False, False, False, False, True, True, False, True]
[3, 3, 2, 21, -36, 120, 963],[True, False, False, False, True, False, False, False, False, True]
[3, 3, 1, 9, 15, -27, 171],[False, False, False, False, False, False, True, False, True, True]
[3, 1, 2, -7, 13, -28, 63],[False, False, False, False, True, False, False, False, True, True]
[4, 16, 58, 148, 304, 544, 886],[True, False, True, True, False, False, False, False, False, False]
[1, 1, 1, -8, -10, -12, 58],[False, True, False, False, False, False, False, False, True, True]
[1, 1, 3, -5, 3, -11, -51],[False, False, False, False, False, False, False, True, True, True]
[3, 1, 2, 6, 5, 18, 39],[False, False, False, False, False, False, True, False, True, True]
[2, 1, 3, -43, -56, -88, 116],[True, False, True, False, False, False, False, False, True, False]
[-2, -6, -12, -20, -30, -42, -56],[False, True, True, True, False, False, False, False, False, False]
[3, 3, 3, -10, -10, 16, 29],[True, False, False, False, False, False, True, False, True, False]
[1, 1, 3, 187, 370, 633, 94],[False, False, True, True, False, False, False, False, True, False]
[2, 1, 14, 31, 10, -19, 70],[True, False, True, False, False, False, True, False, False, False]
[3, 2, 3, 17, 17, -23, 270],[False, False, True, False, False, False, True, False, False, True]
[3, 1, 1, 0, -2, 2, -15],[True, False, False, False, False, False, False, True, True, False]
[1, 1, 2, -15, -24, -26, 896],[False, False, True, False, False, False, False, False, True, True]
[1, 2, 1, 1, -1, -1, -5],[True, False, False, False, False, False, True, False, False, True]
[2, 2, 1, 124, 246, 431, 316],[True, False, False, True, False, False, False, False, True, False]
[1, 2, 3, 0, -10, -36, -20],[True, False, False, False, False, False, True, False, False, True]
[1, 2, 3, 3, 3, 3, 3],[True, True, False, False, False, False, False, False, False, True]
[2, 3, 3, -8, -4, -24, 172],[False, True, True, False, False, False, False, False, False, True]
[3, 1, 2, -18, -7, -29, -20],[False, False, True, False, True, False, False, False, True, False]
[1, 3, 1, 2, 18, 11, -304],[False, True, False, False, False, False, False, True, True, False]
[3, 3, 23, 37, 95, 145, 287],[True, False, True, False, False, False, True, False, False, False]
[2, -18, -60, -132, -242, -398, -608],[False, True, True, False, True, False, False, False, False, False]
[3, 2, -129, -308, -347, -440, -993],[False, True, False, True, False, False, True, False, False, False]
[-1, 13, 51, 125, 247, 429, 683],[True, True, False, True, False, False, False, False, False, False]
[1, 3, 11, 12, -3, 5, 63],[True, False, True, False, False, False, True, False, False, False]
[-2, -6, -18, -44, -90, -162, -266],[False, True, True, True, False, False, False, False, False, False]
[2, 3, 2, -3, 0, -15, 0],[False, False, False, False, False, False, True, True, False, True]
[3, -10, -30, -60, -100, -150, -210],[False, True, True, False, True, False, False, False, False, False]
[1, 3, 1, 12, 24, 2, 4],[False, True, False, False, False, False, True, False, True, False]
[2, 2, 3, 4, 4, 6, 5],[False, True, False, False, True, False, True, False, False, False]
[2, 3, 2, 8, -12, 118, 158],[True, False, False, False, False, False, False, True, False, True]
[2, 1, 3, -2, -10, -3, -31],[False, True, False, False, True, False, False, False, True, False]
[3, 1, 3, 13, 3, 1, 51],[True, False, False, False, False, False, True, False, True, False]
[1, -1, -10, -35, -94, -223, -494],[True, False, True, False, True, False, False, False, False, False]
[1, 3, 2, 5, 5, 20, 35],[False, False, False, False, True, False, True, True, False, False]
[1, 1, 2, 4, 2, -8, 7],[False, True, False, False, False, False, False, True, True, False]
[3, 23, 54, 142, 179, 519, 130],[False, True, False, True, True, False, False, False, False, False]
[1, 3, -36, -65, 23, 75, -230],[False, True, True, False, False, False, True, False, False, False]
[1, 2, 2, -15, -13, -897, -707],[True, False, False, False, False, False, False, True, True, False]
[3, 1, 2, -3, 10, 33, 486],[False, True, False, False, False, False, False, True, False, True]
[3, 3, 60, 164, 110, -44, 540],[False, False, True, True, False, False, True, False, False, False]
[2, -1, -12, -41, -108, -253, -556],[True, False, True, False, True, False, False, False, False, False]
[1, 1, -11, -30, -22, 32, 49],[False, False, True, False, True, False, True, False, False, False]
[1, 1, 1, -19, -28, -39, -372],[False, False, True, False, False, False, False, False, True, True]
[3, 1, 1, -7, -1, 191, 23],[True, False, False, False, False, False, False, True, True, False]
[2, 2, 3, -1, -2, 7, -10],[True, True, False, False, False, False, False, False, False, True]
[3, 3, 3, 0, 19, 42, 105],[False, True, True, False, False, False, False, False, False, True]
[3, -1, 4, 0, 5, 1, 6],[False, True, False, True, True, False, False, False, False, False]
[-5, -16, -39, -80, -145, -240, -371],[False, True, True, True, False, False, False, False, False, False]
[-9, -21, -45, -87, -153, -249, -381],[True, True, False, True, False, False, False, False, False, False]
[1, 2, 3, -18, -24, -30, 8],[False, True, False, True, False, False, False, False, True, False]
[1, 2, 31, 56, 199, 332, 943],[True, False, True, False, False, False, True, False, False, False]
[1, 1, 1, 6, 6, -4, 126],[False, False, False, False, False, False, True, False, True, True]
[3, 2, -10, -42, -90, -106, 38],[True, False, False, False, True, False, True, False, False, False]
[1, 1, 3, 2, 2, 30, 13],[True, False, False, False, False, False, False, False, True, True]
[1, 1, 3, 68, 130, 222, 350],[False, True, False, True, False, False, False, False, True, False]
[2, 1, -46, -85, 80, 173, -792],[False, False, True, True, False, False, True, False, False, False]
[2, 3, 0, -3, 0, -15, 0],[False, False, False, False, True, False, True, True, False, False]
[1, 2, -18, -4, -3, -23, -9],[False, True, False, False, True, False, True, False, False, False]
[3, 2, 2, 4, -6, -16, 58],[True, False, False, False, False, False, True, False, False, True]
[0, 4, 12, 24, 40, 60, 84],[False, True, True, True, False, False, False, False, False, False]
[3, 2, 1, 2, 9, 30, 81],[False, True, True, False, True, False, False, False, False, False]
[1, 2, 3, -10, -13, -18, -151],[False, True, False, False, False, False, False, False, True, True]
[1, 1, 0, 3, -11, 76, 375],[True, False, False, False, True, False, False, True, False, False]
[1, 2, 1, -133, -259, -437, -155],[True, False, False, True, False, False, False, False, True, False]
[2, 1, 2, -12, 2, -220, -570],[False, False, False, False, False, False, True, True, False, True]
[2, 2, -30, -51, -78, -111, -150],[True, False, True, False, False, False, True, False, False, False]
[3, 3, 2, -15, 2, -5, -440],[True, False, False, False, True, False, False, False, False, True]
[3, 3, 2, -9, -8, 8, -70],[True, False, False, False, False, False, True, False, False, True]
[1, 1, 2, 3, -3, -13, -13],[True, False, False, False, False, False, False, True, True, False]
[3, 2, 93, 220, 239, 280, 649],[False, False, True, True, False, False, True, False, False, False]
[1, 1, 2, 5, 14, 79, 598],[False, False, False, False, True, False, False, True, True, False]
[2, 1, 2, -11, 50, -215, 914],[False, False, False, False, True, False, True, False, True, False]
[2, 2, 2, -73, -109, -153, 95],[True, False, True, False, False, False, False, False, True, False]
[2, 3, 3, -15, -30, -12, -645],[False, False, True, False, False, False, True, False, False, True]
[7, 26, 69, 148, 275, 462, 721],[False, True, True, True, False, False, False, False, False, False]
[3, 1, 1, -27, -45, -67, -93],[True, False, True, False, False, False, False, False, False, True]
[1, 3, 2, 11, 2, 20, 14],[False, True, False, False, True, False, False, False, True, False]
[2, 12, 27, 47, 72, 102, 137],[True, True, False, False, True, False, False, False, False, False]
[3, 2, -3, -8, -23, -108, -743],[True, False, False, False, True, False, False, True, False, False]
[3, 1, 33, 40, 187, 238, 853],[False, True, True, False, False, False, True, False, False, False]
[-1, 8, 29, 68, 131, 224, 353],[True, True, False, True, False, False, False, False, False, False]
[2, -14, -45, -97, -176, -288, -439],[True, False, True, False, True, False, False, False, False, False]
[3, 1, 1, 11, 80, 115, -444],[False, True, True, False, False, False, False, False, False, True]
[1, 1, 1, 1, 1, 1, 1],[True, False, True, False, True, False, False, False, False, False]
[2, 10, 14, 26, 34, 50, 62],[False, True, True, False, True, False, False, False, False, False]
[1, 2, 1, -1, 5, 2, -28],[False, False, False, False, False, False, False, True, True, True]
[3, 2, 2, -5, 22, -86, 339],[False, False, True, False, True, False, False, False, True, False]
[2, 2, 3, 0, -4, 12, 16],[False, False, False, False, False, False, True, True, True, False]
[2, 2, 1, 16, 14, 35, 796],[False, False, False, False, False, False, True, True, False, True]
[7, 21, 59, 133, 255, 437, 691],[True, False, True, True, False, False, False, False, False, False]
[2, 19, 60, 137, 262, 447, 704],[True, True, False, True, False, False, False, False, False, False]
[2, 1, 1, -18, 70, -282, -166],[True, False, False, False, True, False, False, False, False, True]
[3, 1, 2, -50, -146, -282, -678],[False, False, True, False, True, False, False, False, True, False]
[1, 2, 2, -8, -8, -48, -48],[False, False, False, False, False, False, True, True, False, True]
[1, 1, 1, 10, 37, 163, 874],[False, False, False, False, True, False, True, False, False, True]
[1, 1, -21, 18, 23, -148, 169],[False, True, False, False, True, False, True, False, False, False]
[1, 1, 2, 2, 9, 9, 114],[True, False, False, False, False, False, True, True, False, False]
[1, 2, 3, 14, -3, 36, -37],[False, True, False, False, True, False, False, False, False, True]
[2, 3, 3, 7, 23, 12, 199],[True, False, True, False, False, False, False, False, False, True]
[1, 2, 1, -5, -10, 1, 67],[False, False, False, False, True, False, True, False, False, True]
[2, 2, 2, 30, 132, 460, -322],[False, False, True, False, True, False, False, False, False, True]
[1, 1, 4, 10, 28, 76, 208],[False, False, True, False, True, False, True, False, False, False]
[1, 1, 1, 0, 0, 0, 5],[True, False, False, False, False, False, False, True, False, True]
[3, 2, 2, -12, -4, -4, -312],[False, True, False, False, False, False, False, False, True, True]
[1, 1, 1, 9, -6, 50, -425],[False, False, True, False, True, False, False, False, False, True]
[1, 1, 1, 2, 1, 4, -1],[False, True, False, False, True, False, True, False, False, False]
[1, 3, 17, 49, 93, 149, 229],[False, True, False, True, False, False, True, False, False, False]
[2, 1, 41, 78, 43, 24, 159],[True, False, True, False, False, False, True, False, False, False]
[1, 2, 3, 54, 85, -126, -229],[False, False, True, False, False, False, True, False, True, False]
[1, 3, 1, 10, 6, 31, 28],[False, False, False, False, True, False, True, False, True, False]
[3, 1, 2, 7, -23, 102, -373],[False, False, True, False, True, False, False, False, True, False]
[1, 2, 2, -8, -19, -21, -203],[True, True, False, False, False, False, False, False, False, True]
[2, 2, 1, 46, 70, 95, 356],[False, True, True, False, False, False, False, False, True, False]
[1, 1, 1, -15, -18, -21, 24],[False, True, False, True, False, False, False, False, True, False]
[2, 3, 17, -2, 21, 91, -182],[False, False, True, False, True, False, True, False, False, False]
[3, 1, 3, -5, 17, 3, -17],[False, True, False, False, False, False, False, False, True, True]
[-1, -10, -43, -112, -229, -406, -655],[True, True, False, True, False, False, False, False, False, False]
[1, 1, 0, 1, -1, 2, -5],[False, False, False, False, True, False, True, True, False, False]
[1, 3, 10, 14, 18, 22, 26],[True, True, False, False, False, False, False, True, False, False]
[1, 2, 2, 84, 128, 183, 166],[True, False, True, False, False, False, False, False, True, False]
[3, 1, 1, 10, -1, -2, 42],[True, True, False, False, False, False, False, False, True, False]
[3, 1, 2, 0, 1, 2, 3],[True, False, False, False, False, False, True, False, True, False]
[3, 1, -6, -2, 12, 4, -24],[False, False, False, False, True, False, True, True, False, False]
[3, 2, 3, -1, -7, 2, -50],[False, True, False, False, False, False, False, True, True, False]
[3, 6, 21, 22, 61, 34, 149],[False, True, True, False, True, False, False, False, False, False]
[3, 3, 1, 9, 5, 21, -35],[False, False, False, False, False, False, True, False, True, True]
[2, 3, 12, 17, 54, 75, 224],[True, True, False, False, False, False, True, False, False, False]
[3, 3, 3, -8, 23, -72, 266],[False, True, False, False, True, False, False, False, False, True]
[2, 2, 3, 13, -27, 158, 218],[True, False, False, False, True, False, False, False, False, True]
[1, -4, -15, -32, -55, -84, -119],[True, True, True, False, False, False, False, False, False, False]
[1, 1, 1, -1, -1, -1, -1],[False, False, False, False, False, False, True, True, False, True]
[2, -16, -1, -70, 5, -238, 119],[False, True, False, True, True, False, False, False, False, False]
[2, 0, -2, -4, -6, -8, -10],[True, True, False, True, False, False, False, False, False, False]
[1, 1, 7, 28, 64, 70, -89],[False, True, False, False, True, False, True, False, False, False]
[1, 3, 1, -46, -69, -106, -239],[True, False, True, False, False, False, False, False, True, False]
[1, 1, 2, -14, -23, -31, 148],[True, False, True, False, False, False, False, False, False, True]
[2, 1, 3, 20, 26, 45, 449],[False, False, True, False, True, False, False, False, False, True]
[1, 2, 2, 0, 2, 12, 6],[True, True, False, False, False, False, True, False, False, False]
[2, 3, 2, 40, 62, 80, 258],[False, False, True, False, False, False, False, True, True, False]
[1, 2, 3, -32, -50, -72, -98],[False, False, True, False, False, False, True, False, True, False]
[1, 1, 2, -11, -20, -16, 556],[True, False, True, False, False, False, False, False, False, True]
[3, 2, 3, 3, 7, 23, 103],[False, False, True, False, True, False, False, False, True, False]
[3, 2, 3, -1, 1, 1, 19],[False, True, False, False, True, False, False, False, True, False]
[3, 9, 21, 39, 75, 81, 309],[False, True, False, True, True, False, False, False, False, False]
[3, 1, 1, -22, -48, -76, -156],[False, True, True, False, False, False, False, False, True, False]
[4, 16, 40, 82, 148, 244, 376],[True, True, False, True, False, False, False, False, False, False]
[1, 1, 3, 16, 70, 256, 14],[False, True, False, False, True, False, False, False, False, True]
[2, 3, 2, -42, -64, -84, 21],[False, True, True, False, False, False, False, False, True, False]
[2, 2, 2, -9, 13, -31, -20],[True, False, False, False, True, False, False, False, False, True]
[3, 3, 3, -2, -40, -214, -946],[False, False, True, False, True, False, False, False, False, True]
[1, 3, 2, -24, 23, 64, -123],[False, False, False, False, True, False, True, False, True, False]
[3, 2, 3, -64, -100, -144, -196],[False, False, True, False, True, False, False, False, False, True]
[1, -4, -12, -24, -40, -60, -84],[False, True, True, False, True, False, False, False, False, False]
[3, 1, 2, 14, 10, 218, 166],[False, False, False, False, False, False, True, True, True, False]
[1, 2, 1, -3, -4, -13, -29],[True, False, False, False, True, False, False, True, False, False]
[1, 1, 3, -45, -72, -105, -144],[True, False, True, False, False, False, False, False, False, True]
[2, 2, 3, -12, -8, -88, -612],[True, False, False, False, False, False, True, False, False, True]
[3, 2, 1, -15, -13, 64, 36],[False, True, False, False, False, False, True, False, True, False]
[3, 1, 3, -2, -21, -32, -912],[False, False, False, False, True, False, False, True, True, False]
[3, 8, 23, 60, 143, 320, 687],[True, False, True, False, True, False, False, False, False, False]
[3, 3, -35, -63, -99, -143, -195],[True, False, True, False, False, False, True, False, False, False]
[3, 1, 22, -10, 114, -176, 678],[False, False, True, False, True, False, True, False, False, False]
[1, 1, 2, -57, 34, -186, 510],[False, False, True, False, True, False, False, False, True, False]
[2, 3, 1, 0, 0, 0, 0],[True, False, False, False, False, False, True, False, True, False]
[3, 2, 2, 5, 2, 5, 17],[False, False, False, False, False, False, True, False, True, True]
[2, 1, 2, 10, 22, 30, 19],[False, False, True, False, False, False, False, False, True, True]
[3, 3, 2, -71, -132, -219, -54],[True, False, False, True, False, False, False, False, True, False]
[3, 3, 3, -18, -18, -18, -648],[False, False, False, False, True, False, True, False, False, True]
[5, 0, -17, -52, -111, -200, -325],[True, True, False, True, False, False, False, False, False, False]
[2, 1, 25, -15, 45, 69, -191],[False, False, True, False, True, False, True, False, False, False]
[2, -4, -22, -58, -118, -208, -334],[True, True, False, True, False, False, False, False, False, False]
[3, 1, -58, -26, 133, -209, -568],[False, False, True, False, True, False, True, False, False, False]
[2, 2, 1, -10, -12, -25, -326],[True, False, False, False, False, False, True, False, False, True]
[3, 1, 6, -15, 63, -234, 891],[False, True, False, False, True, False, True, False, False, False]
[2, 3, 3, 9, 33, 105, 441],[False, False, False, False, True, False, False, False, True, True]
[1, 3, 2, 18, 15, 636, 489],[False, False, False, False, False, False, True, True, True, False]
[1, 1, 2, 0, 11, -10, 385],[False, False, False, False, False, False, True, True, True, False]
[1, 2, 2, -56, -113, -204, -563],[True, False, False, True, False, False, False, False, True, False]
[3, 3, 2, -21, -19, 32, 143],[False, False, False, False, True, False, True, False, True, False]
[2, 1, 2, 5, 17, 35, 260],[False, True, False, False, False, False, False, True, False, True]
[1, 1, -1, -1, -1, -1, -1],[True, False, False, False, False, False, True, True, False, False]
[2, -18, -27, -69, -106, -182, -259],[False, False, True, True, True, False, False, False, False, False]
[1, 1, 1, 15, 18, -7, 60],[False, True, False, False, False, False, True, False, True, False]
[3, -23, -40, -104, -171, -297, -438],[False, False, True, True, True, False, False, False, False, False]
[-10, -26, -50, -82, -122, -170, -226],[True, True, True, False, False, False, False, False, False, False]
[1, 3, 3, 6, 6, 15, 15],[True, False, False, False, False, False, True, False, True, False]
[2, 1, 3, -200, 24, -699, 569],[False, False, False, True, True, False, False, False, True, False]
[1, 2, 3, -2, 3, 48, -17],[False, False, False, False, False, False, False, True, True, True]
[1, 2, 1, -7, -6, -43, -79],[False, False, False, False, False, False, True, True, False, True]
[2, 1, 1, -27, -31, -770, -875],[False, False, True, False, False, False, False, True, True, False]
[1, 1, 1, 1, 1, 1, 1],[True, False, False, True, False, False, False, False, True, False]
[2, 3, 3, 11, -12, 324, -151],[False, False, False, False, False, False, False, True, True, True]
[2, 3, 3, 57, 84, 279, 399],[False, False, True, False, False, False, True, False, False, True]
[3, 1, -10, -30, -50, -52, -18],[False, True, False, False, True, False, True, False, False, False]
[3, 1, 2, -12, 32, -102, 510],[False, False, False, False, True, False, False, False, True, True]
[2, -3, -16, -45, -106, -231, -484],[True, True, False, False, True, False, False, False, False, False]
[1, 3, 2, 2, -7, -3, -12],[True, False, False, False, False, False, True, False, True, False]
[2, 3, -14, -2, 53, -51, -168],[False, True, False, False, True, False, True, False, False, False]
[3, 3, 3, 9, -15, 111, -501],[False, False, False, False, True, False, True, False, True, False]
[1, 1, 3, 4, 13, 29, 198],[False, False, False, False, True, False, False, True, False, True]
[1, 2, 1, -11, 16, -275, -83],[False, False, False, False, True, False, False, True, False, True]
[2, 1, 3, 16, 20, 80, 148],[True, False, False, False, False, False, True, False, True, False]
[3, 1, 1, 10, 2, -16, 36],[False, False, False, False, False, False, True, False, True, True]
[1, 3, 1, 57, 83, 137, -91],[True, False, True, False, False, False, False, False, True, False]
[2, 1, 1, 1, -1, 5, -13],[False, False, False, True, True, False, False, False, True, False]
[1, 2, 3, -1, -3, -54, 8],[False, True, False, False, False, False, False, True, False, True]
[1, 3, 2, -2, 0, 8, 4],[True, False, False, False, False, False, True, True, False, False]
[2, 2, 1, 38, 56, 75, 212],[False, False, True, False, False, False, False, True, True, False]
[2, 3, 3, -7, -22, -22, -142],[True, False, True, False, False, False, False, False, False, True]
[1, 1, 3, -11, 47, -199, 843],[False, False, False, False, True, False, True, False, True, False]
[3, 2, 2, -30, -47, -69, -63],[True, False, True, False, False, False, False, False, True, False]
[2, 2, 11, 6, 33, 0, 91],[False, True, True, False, True, False, False, False, False, False]
[1, 3, 1, 0, 3, -2, 2],[False, False, True, False, True, False, False, False, True, False]
[2, 2, 3, -130, -227, -363, -409],[False, False, True, True, False, False, False, False, True, False]
[-8, -24, -48, -80, -120, -168, -224],[False, True, True, True, False, False, False, False, False, False]
[2, 1, -27, -47, -46, -59, -99],[True, False, True, False, False, False, True, False, False, False]
[2, 2, -3, 9, 31, -40, -66],[False, False, True, False, True, False, True, False, False, False]
[3, 3, 51, 123, 291, 543, 963],[False, True, False, True, False, False, True, False, False, False]
[1, 1, 1, -5, -6, -7, 40],[True, True, False, False, False, False, False, False, False, True]
[3, 3, 2, -16, 22, -16, 20],[False, False, False, False, True, False, True, False, True, False]
[1, 1, 1, 7, 10, 1, -20],[False, True, False, False, False, False, True, False, True, False]
[2, 4, -9, -48, -125, -252, -441],[False, False, True, True, True, False, False, False, False, False]
[1, 3, 3, 26, 44, 20, 10],[False, False, True, False, False, False, True, False, False, True]
[3, 1, 3, -8, -18, 37, 186],[False, False, False, False, False, False, True, False, True, True]
[3, 1, 1, -3, -3, -3, -3],[True, False, False, True, False, False, False, False, True, False]
[2, 3, 12, 25, 66, 123, 268],[False, True, True, False, False, False, True, False, False, False]
[2, 1, 4, 1, 6, -1, 8],[True, True, False, False, False, False, True, False, False, False]
[3, 3, 2, -21, -62, -130, 213],[False, False, True, False, True, False, False, False, False, True]
[2, 3, 3, -30, -38, 24, 168],[False, True, False, False, False, False, True, False, True, False]
[3, 1, -11, -17, 13, 61, 19],[True, False, False, False, True, False, True, False, False, False]
[1, 2, 4, 6, -10, -114, -658],[True, False, False, False, True, False, False, True, False, False]
[2, 3, 2, 72, 113, 172, -43],[True, False, True, False, False, False, False, False, True, False]
[1, 2, -99, -218, -103, -24, -755],[False, True, False, True, False, False, True, False, False, False]
[3, 3, 3, 76, 137, 228, 720],[True, False, False, True, False, False, False, False, True, False]
[2, 1, 4, 8, 28, 112, 980],[False, False, False, False, True, False, True, True, False, False]
[4, 12, 28, 52, 84, 124, 172],[True, True, True, False, False, False, False, False, False, False]
[1, 1, 2, 11, 18, 42, -512],[False, True, False, False, False, False, True, False, False, True]
[2, 2, 2, 0, 0, 8, 0],[False, False, False, False, False, False, True, True, False, True]
[1, 5, 11, 19, 29, 41, 55],[False, True, False, True, True, False, False, False, False, False]
[3, 3, 1, 84, 130, 186, 252],[False, True, True, False, False, False, False, False, False, True]
[2, 3, 4, 5, 6, 7, 8],[True, True, False, False, False, False, True, False, False, False]
[3, 2, 1, 6, 21, 32, -33],[True, True, False, False, False, False, False, False, False, True]
[2, 2, 2, 1, 1, -8, -2],[True, False, False, False, False, False, False, True, False, True]
[1, 1, 2, 0, -3, -2, -9],[False, False, False, False, False, False, False, True, True, True]
[2, 2, 1, 14, -51, 262, -523],[True, False, False, False, True, False, False, False, False, True]
[3, 3, -87, -198, -111, -51, -693],[True, False, False, True, False, False, True, False, False, False]
[3, 1, 2, 9, 43, 206, 987],[False, False, False, False, True, False, True, True, False, False]
[1, 1, 3, 15, 19, 3, -617],[False, True, False, False, False, False, False, False, True, True]
[1, 3, 1, 9, 35, 111, 347],[True, False, False, False, True, False, False, False, True, False]
[2, 2, 17, 54, 70, 50, 129],[True, False, False, True, False, False, True, False, False, False]
[3, 3, 3, -18, 66, -270, 360],[False, False, False, False, True, False, False, False, True, True]
[1, 3, 1, -12, -6, 14, -26],[False, True, False, False, False, False, True, False, True, False]
[2, 2, 3, 12, 8, -3, 688],[False, False, False, False, False, False, True, True, False, True]
[3, 1, 2, -48, -75, -108, -147],[False, True, True, False, False, False, False, False, False, True]
[-2, -18, -66, -164, -330, -582, -938],[False, True, True, True, False, False, False, False, False, False]
[3, 1, 3, -9, -20, 39, 93],[False, True, False, False, False, False, True, False, True, False]
[3, 3, 1, -4, -13, -32, -65],[False, False, True, False, False, False, False, False, True, True]
[2, 12, 7, 17, 12, 22, 17],[True, True, False, False, True, False, False, False, False, False]
[1, 3, 3, -2, -41, -40, -14],[True, True, False, False, False, False, False, False, False, True]
[1, 2, 1, -1, 3, 1, -1],[True, False, False, False, True, False, False, False, False, True]
[1, 1, 2, -64, -124, -282, -403],[False, False, False, True, False, False, True, False, True, False]
[1, 3, 2, 5, 24, 94, 394],[False, True, False, False, True, False, False, False, False, True]
[2, 1, 14, 62, 122, 164, 246],[False, False, True, True, False, False, True, False, False, False]
[2, 15, 44, 95, 174, 287, 440],[True, False, True, True, False, False, False, False, False, False]
[-2, -18, -70, -176, -354, -622, -998],[True, True, False, True, False, False, False, False, False, False]
[3, 3, 1, 70, 131, 218, 483],[False, False, False, True, False, False, True, False, True, False]
[3, 1, 75, 190, 225, 268, 579],[False, True, False, True, False, False, True, False, False, False]
[3, 1, 15, 1, 65, -13, 297],[False, True, True, False, False, False, True, False, False, False]
[3, 3, 3, 30, 57, 9, -924],[False, False, True, False, False, False, True, False, False, True]
[1, 1, -3, -5, -15, -33, -235],[True, True, False, False, False, False, False, True, False, False]
[2, 2, 2, -3, 7, -13, 32],[True, False, False, False, True, False, False, False, True, False]
[2, 1, 1, -5, -6, 18, 16],[True, False, False, False, False, False, True, False, True, False]
[1, 1, 2, 5, 14, 86, 662],[True, False, False, False, False, False, False, True, False, True]
[2, -14, -66, -172, -350, -618, -994],[False, True, True, True, False, False, False, False, False, False]
[3, 2, 1, 0, -1, -2, -3],[True, False, False, False, True, False, False, True, False, False]
[2, 1, 3, 15, 6, -42, 223],[False, True, False, False, False, False, True, False, False, True]
[2, 3, 2, 4, 19, 18, 51],[False, False, True, False, True, False, False, False, False, True]
[3, 2, 3, 0, 0, 0, 0],[False, False, True, False, False, False, False, True, True, False]
[3, 2, 15, 12, 65, 54, 267],[False, True, False, True, False, False, True, False, False, False]
[1, 3, 2, -4, 8, -36, 23],[False, False, True, False, False, False, True, False, False, True]
[3, 3, 3, -9, -9, -9, 39],[True, False, True, False, False, False, False, False, True, False]
[1, 1, 2, 62, 120, 32, 45],[False, False, False, True, False, False, True, False, True, False]
[4, 15, 32, 55, 84, 119, 160],[True, True, True, False, False, False, False, False, False, False]
[3, -22, 8, -80, 60, -264, 332],[False, False, True, True, True, False, False, False, False, False]
[2, 1, 2, 14, -16, 88, -19],[False, False, True, False, True, False, False, False, False, True]
[1, 30, 30, 132, 86, 404, 74],[False, False, True, True, True, False, False, False, False, False]
[2, 1, 3, -3, 8, -26, 25],[False, False, False, False, True, False, False, True, True, False]
[-3, 0, 15, 48, 105, 192, 315],[True, True, False, True, False, False, False, False, False, False]
[3, 2, 33, 62, 67, 82, 129],[False, False, True, True, False, False, True, False, False, False]
[2, 3, 2, 10, 31, 68, 238],[True, False, False, False, True, False, False, False, False, True]
[3, 1, 3, 30, 39, 156, 251],[False, True, False, False, False, False, True, False, True, False]
[1, 2, 2, 0, 2, 6, -4],[False, False, False, False, False, False, False, True, True, True]
[1, 2, 2, -3, -6, 4, 5],[True, False, False, False, False, False, True, False, False, True]
[3, 2, 3, -2, -7, -32, -37],[False, False, False, False, True, False, False, True, True, False]
[3, -8, -45, -128, -275, -504, -833],[False, False, True, True, True, False, False, False, False, False]
[2, 1, 14, 57, 122, 145, 22],[False, False, True, False, True, False, True, False, False, False]
[2, 2, 1, 124, 251, -185, -197],[False, False, False, True, False, False, True, False, True, False]
[1, 2, 1, -5, 1, -47, 1],[True, True, False, False, False, False, False, True, False, False]
[2, 2, 3, -13, -8, -113, -888],[True, False, False, False, False, False, True, False, False, True]
[1, 3, 1, 63, 97, 143, 133],[False, False, True, False, False, False, False, False, True, True]
[3, 2, 2, -1, 9, -41, 206],[False, True, False, False, True, False, False, False, False, True]
[3, 3, 3, -14, -14, 547, -388],[True, False, False, False, False, False, False, True, False, True]
[2, 1, 3, 44, 57, 89, 320],[True, False, True, False, False, False, False, False, True, False]
[2, 2, 3, -8, 2, 162, -23],[False, True, False, False, False, False, False, True, False, True]
[1, 1, 1, -1, -1, 5, 3],[True, False, False, False, False, False, True, False, True, False]
[2, 1, 25, 38, 105, 154, 315],[False, True, True, False, False, False, True, False, False, False]
[2, 1, 1, -18, -22, 12, 16],[False, True, False, False, False, False, True, False, False, True]
[3, 2, 3, -10, -57, -70, 255],[True, False, True, False, False, False, False, False, False, True]
[3, 2, 1, 20, -7, 72, 7],[False, False, False, False, True, False, True, False, True, False]
[3, 3, 3, 57, 93, 137, 27],[True, False, True, False, False, False, False, False, True, False]
[1, 2, 3, -19, -25, -33, -158],[False, True, True, False, False, False, False, False, True, False]
[1, 1, 2, 3, 4, -4, -63],[False, False, False, False, True, False, True, False, False, True]
[1, 2, 19, 38, 141, 258, 799],[True, False, True, False, False, False, True, False, False, False]
[1, 2, 2, -8, -4, -6, 202],[False, True, False, False, False, False, False, False, True, True]
[2, 3, 3, 15, 15, 447, 447],[True, False, False, False, False, False, False, True, True, False]
[2, 1, 3, 8, -3, -50, 60],[True, False, False, False, False, False, False, True, False, True]
[2, 2, 8, 8, 32, 32, 128],[True, False, False, False, False, False, True, True, False, False]
[2, 3, 39, 72, 45, 34, 153],[True, False, True, False, False, False, True, False, False, False]
[1, -10, 9, -32, 47, -114, 205],[True, True, False, False, True, False, False, False, False, False]
[1, 24, 49, 84, 129, 184, 249],[True, False, True, False, True, False, False, False, False, False]
[3, 2, -93, -202, -101, -48, -733],[False, True, False, True, False, False, True, False, False, False]
[2, 3, 26, 63, 146, 273, 482],[False, True, False, True, False, False, True, False, False, False]
[3, 1, -1, -1, -1, -1, -1],[True, False, False, False, True, False, False, True, False, False]
[2, 3, 3, -20, -25, -28, 15],[True, True, False, False, False, False, False, False, True, False]
[2, 2, 1, -10, 34, -139, 586],[False, False, False, False, True, False, False, False, True, True]
[2, 3, -5, 3, -5, 3, -5],[True, False, False, False, True, False, False, True, False, False]
[1, 2, 3, -1, -14, -42, -46],[True, False, False, False, True, False, False, False, False, True]
[2, 3, -44, -75, 30, 79, -288],[True, False, True, False, False, False, True, False, False, False]
[1, 2, 2, 10, 10, 50, 50],[False, False, False, True, False, False, True, False, True, False]
[1, 1, 3, 0, 16, -18, 512],[True, False, False, False, False, False, False, True, False, True]
[1, 3, 2, 66, 104, 147, 263],[True, False, True, False, False, False, False, False, True, False]
[1, 2, 1, 7, 12, 7, 37],[True, False, False, False, False, False, False, False, True, True]
[2, 2, -14, -38, -150, -310, -918],[False, True, True, False, False, False, True, False, False, False]
[3, 3, 2, 13, -8, 344, -229],[False, False, False, False, True, False, False, True, True, False]
[1, 1, 2, -3, 0, 1, 12],[False, False, False, False, False, False, True, True, True, False]
[1, 1, 1, 8, 8, 197, 232],[False, False, True, False, False, False, False, True, True, False]
[3, 2, 1, -15, -78, -169, 773],[False, False, True, False, False, False, True, False, False, True]
[2, 2, 2, -34, -77, -146, -211],[False, False, True, True, False, False, False, False, True, False]
[3, 3, 1, 24, 26, 20, 114],[True, True, False, False, False, False, False, False, True, False]
[1, 1, 2, -22, -24, 448, 607],[False, True, False, False, False, False, False, True, True, False]
[3, 4, -3, -24, -65, -132, -231],[False, True, True, True, False, False, False, False, False, False]
[1, 3, 1, -37, -53, -67, -47],[False, True, True, False, False, False, False, False, True, False]
[8, 16, 22, 20, 4, -32, -94],[True, False, True, True, False, False, False, False, False, False]
[3, 3, 2, 99, 203, 362, 687],[False, False, True, True, False, False, False, False, True, False]
[1, 2, 2, 3, -3, -3, -13],[True, False, True, False, False, False, False, False, False, True]
[1, 3, 2, 3, 25, 11, 25],[True, False, False, False, False, False, False, False, True, True]
[2, 1, -8, -7, -26, -17, -58],[False, False, True, False, True, False, True, False, False, False]
[3, 3, 1, 0, 10, 21, 28],[False, False, True, False, True, False, False, False, True, False]
[2, 3, -18, -53, -156, -317, -650],[True, False, False, True, False, False, True, False, False, False]
[0, -12, -32, -60, -96, -140, -192],[True, False, True, True, False, False, False, False, False, False]
[1, 2, 2, -17, -17, -872, -872],[True, False, False, False, False, False, False, True, True, False]
[1, 3, -3, -9, 9, 27, -27],[True, False, False, True, False, False, True, False, False, False]
[1, 1, 1, -3, -3, 13, 21],[False, False, False, False, False, False, True, True, False, True]
[3, 3, -33, -70, -59, -76, -225],[False, True, False, True, False, False, True, False, False, False]
[3, 2, 1, 10, -26, 118, -438],[False, True, False, False, True, False, False, False, True, False]
[3, 1, -5, -4, 1, -1, -7],[True, True, False, False, False, False, True, False, False, False]
[3, 12, 49, 132, 279, 508, 837],[True, False, True, True, False, False, False, False, False, False]
[3, 3, 3, -6, 12, 57, 210],[False, False, False, False, True, False, False, True, False, True]
[2, 2, 2, -10, -14, -18, 422],[False, True, False, False, False, False, False, False, True, True]
[1, 2, 2, 11, 14, 131, 233],[True, False, False, False, False, False, False, True, True, False]
[2, 1, 2, 2, 0, 0, 0],[False, False, False, False, False, False, True, True, True, False]
[1, 2, 1, 10, 7, 30, -281],[False, False, True, False, False, False, False, False, True, True]
[1, 1, 3, 1, 2, -21, 4],[False, True, True, False, False, False, False, False, False, True]
[3, 2, 0, 14, -17, 73, -153],[False, False, True, False, True, False, True, False, False, False]
[3, 2, 1, -2, -12, -50, -196],[True, False, False, False, True, False, False, False, True, False]
[8, 28, 66, 128, 220, 348, 518],[False, True, True, True, False, False, False, False, False, False]
[2, 2, 12, 26, 14, -6, 56],[False, True, True, False, False, False, True, False, False, False]
[2, 3, 3, -262, -506, -340, -360],[False, False, False, True, False, False, True, False, True, False]
[1, 2, 2, -1, -19, -73, -226],[True, False, False, False, True, False, False, False, False, True]
[3, 1, 2, 12, 3, 6, 45],[True, True, False, False, False, False, False, False, True, False]
[2, 3, 1, 8, -3, 13, 2],[True, False, False, False, True, False, False, False, True, False]
[1, 3, 1, 14, -4, 69, -73],[True, False, False, False, False, False, True, False, True, False]
[2, 2, -18, 62, -158, 322, -498],[False, False, True, False, True, False, True, False, False, False]
[1, 2, 3, 16, 23, 30, 85],[False, True, False, False, False, False, False, True, True, False]
[1, 3, 3, 4, 1, 3, -8],[False, True, False, False, False, False, True, False, True, False]
[1, 1, 3, -17, -22, -19, -104],[True, True, False, False, False, False, False, False, True, False]
[1, 2, 2, 5, -10, 5, -175],[False, True, False, False, False, False, True, False, False, True]
[3, 2, -21, -56, -115, -204, -329],[False, True, False, True, False, False, True, False, False, False]
[1, -25, -56, -136, -239, -409, -620],[True, False, False, True, True, False, False, False, False, False]
[1, 3, 2, 35, 53, 76, -987],[False, False, True, False, False, False, False, False, True, True]
[1, 3, 1, 3, 15, 45, 141],[False, False, False, False, True, False, False, False, True, True]
[2, 1, 1, 1, -23, 38, -158],[False, False, True, False, True, False, False, False, False, True]
[3, 2, 3, -12, 34, -105, 327],[False, False, False, True, True, False, False, False, True, False]
[2, 3, 3, 0, -2, 0, 14],[False, True, False, False, False, False, False, False, True, True]
[3, 3, 2, 18, 9, 632, 171],[False, False, False, False, False, False, True, True, True, False]
[3, 3, 2, 14, 16, 16, 42],[False, True, False, False, False, False, False, False, True, True]
[2, 2, 4, 6, 6, 6, 8],[False, True, False, True, False, False, True, False, False, False]
[3, 1, 2, -4, -5, -42, -49],[False, True, False, False, False, False, False, True, True, False]
[1, 3, 2, 132, 254, 436, 690],[True, False, False, True, False, False, False, False, True, False]
[2, 1, 2, -4, -1, -34, 8],[False, False, False, False, False, False, True, True, True, False]
[1, 1, 3, -12, -20, 15, -98],[False, True, False, False, False, False, True, False, False, True]
[2, 1, -4, 15, -36, 339, 12],[False, False, False, False, True, False, True, True, False, False]
[2, 2, -1, -1, -7, -7, -19],[True, False, False, False, False, False, True, True, False, False]
[1, 1, 3, 4, 6, -8, -20],[True, True, False, False, False, False, False, False, False, True]
[1, 1, 2, -8, 26, -228, -456],[False, False, False, False, True, False, False, True, True, False]
[2, 2, -59, -133, 50, 238, -931],[True, False, False, True, False, False, True, False, False, False]
[3, 2, 3, -1, -9, 27, -154],[False, False, True, False, True, False, False, False, False, True]
[1, 2, 1, -134, 10, -456, 762],[False, False, False, True, True, False, False, False, True, False]
[2, 1, 2, 13, 13, 349, 679],[True, False, False, False, False, False, False, True, False, True]
[2, 1, 3, -139, -115, -329, 199],[False, False, False, True, True, False, False, False, True, False]
[1, -20, -2, -72, 24, -222, 206],[False, True, True, False, True, False, False, False, False, False]
[2, 3, 3, 13, 28, 28, 508],[True, False, False, False, False, False, False, True, False, True]
[1, 2, 3, 7, 16, 95, 505],[False, False, True, False, False, False, False, True, True, False]
[3, 2, 3, 28, 33, 48, 161],[False, False, True, False, False, False, False, False, True, True]
[2, 1, 1, -24, -44, -66, -142],[True, False, True, False, False, False, False, False, True, False]
[2, -3, 12, -33, 102, -303, 912],[True, True, False, False, True, False, False, False, False, False]
[3, 3, 3, 113, 235, 417, 121],[True, False, False, True, False, False, False, False, True, False]
[5, 20, 57, 128, 245, 420, 665],[False, True, True, True, False, False, False, False, False, False]
[1, 2, 10, 24, 39, 51, 61],[False, False, True, False, True, False, True, False, False, False]
[3, 1, 3, -1, -13, -49, -317],[False, False, False, False, True, False, False, True, False, True]
[3, 3, 2, -21, -18, 55, 138],[False, False, True, False, False, False, True, False, True, False]
[2, 2, 3, -6, -4, -27, -105],[False, True, False, False, False, False, True, False, False, True]
[1, 1, -14, -18, -67, -83, -234],[True, True, False, False, False, False, True, False, False, False]
[3, 13, 39, 71, 157, 171, 509],[False, True, False, True, True, False, False, False, False, False]
[2, 2, 17, -7, 92, -172, 659],[True, False, True, False, True, False, False, False, False, False]
[3, 2, 2, -31, -35, 53, -905],[False, False, True, False, False, False, True, False, False, True]
[2, 3, 2, 10, 17, -5, 305],[False, True, False, False, True, False, False, False, False, True]
[3, 1, 9, 9, 19, 21, 33],[True, True, False, False, False, False, True, False, False, False]
[1, 1, 2, -3, -2, -13, -2],[False, False, False, False, False, False, True, False, True, True]
[1, 2, 2, -9, -12, 32, -33],[False, True, False, False, False, False, True, False, False, True]
[3, 1, 1, 15, -20, -67, -72],[False, False, True, True, False, False, False, False, True, False]
[2, 3, 3, -58, -84, 127, 131],[False, False, True, False, False, False, True, False, True, False]
[2, 1, 1, -82, -129, -185, -334],[False, True, True, False, False, False, False, False, True, False]
[3, 2, 2, 189, 373, 646, 840],[False, False, False, True, True, False, False, False, True, False]
[2, 2, 2, 0, 4, 28, -52],[False, True, False, False, False, False, False, True, True, False]
[2, -6, -11, -18, -27, -38, -51],[True, False, True, False, True, False, False, False, False, False]
[3, 2, 3, -5, 34, -158, 787],[False, True, False, False, True, False, False, False, True, False]
[3, 1, -4, -15, -34, -67, -118],[True, False, True, False, False, False, True, False, False, False]
[2, 3, 3, 32, 41, 57, -940],[False, True, True, False, False, False, False, False, False, True]
[3, 2, 1, 2, -7, 42, -239],[True, False, False, False, True, False, True, False, False, False]
[3, 1, -20, -36, -75, -113, -178],[True, False, True, False, False, False, True, False, False, False]
[3, 1, -33, -63, -21, -21, -273],[False, True, False, True, False, False, True, False, False, False]
[2, 2, 3, 9, 16, 354, 209],[False, False, False, False, True, False, False, True, True, False]
[1, 1, 2, 1, -12, -67, -704],[False, False, False, False, True, False, False, True, False, True]
[1, 3, 1, -20, 9, -56, 103],[False, False, True, False, True, False, False, False, True, False]
[3, -26, 7, -94, 63, -306, 367],[True, False, True, False, True, False, False, False, False, False]
[3, 1, 3, -327, -630, -759, -431],[False, False, False, True, False, False, True, False, True, False]
[2, 1, 2, -6, 3, 29, -62],[True, False, False, False, False, False, False, True, False, True]
[3, 2, 2, -60, -133, -260, -201],[False, False, True, True, False, False, False, False, True, False]
[3, 3, 2, 60, 96, 140, 192],[True, False, True, False, False, False, False, False, False, True]
[-7, -19, -43, -85, -151, -247, -379],[True, True, False, True, False, False, False, False, False, False]
[1, 1, 2, 7, 8, -13, -4],[False, False, False, False, False, False, True, True, True, False]
[2, 1, 1, -30, -32, -37, 51],[True, True, False, False, False, False, False, False, True, False]
[3, 3, 1, -3, -5, -3, -17],[False, False, False, False, False, False, True, False, True, True]
[3, 1, 2, 47, 73, 61, 74],[False, False, True, False, False, False, True, False, True, False]
[1, 2, 2, 7, 23, 39, 200],[False, False, False, False, True, False, False, False, True, True]
[11, 21, 35, 53, 75, 101, 131],[True, True, True, False, False, False, False, False, False, False]
[1, 1, 2, -1, -13, -1, -673],[True, False, False, False, False, False, False, True, True, False]
[2, 3, -22, -14, -149, -15, -728],[False, False, True, False, True, False, True, False, False, False]
[3, 3, 1, -4, 14, 66, 62],[False, False, True, False, False, False, False, False, True, True]
[1, 2, 2, 1, 3, 0, 4],[False, False, False, False, True, False, True, False, True, False]
[2, 1, 3, 3, 11, 11, 123],[True, False, False, False, False, False, False, True, False, True]
[2, 1, 1, -5, -1, -1, 23],[True, False, False, False, False, False, True, False, True, False]
[1, 2, 1, -5, 7, -47, -47],[True, False, False, False, False, False, False, True, False, True]
[1, 1, 1, -1, -3, -5, -7],[False, True, False, False, True, False, False, False, False, True]
[-6, -25, -54, -93, -142, -201, -270],[True, True, True, False, False, False, False, False, False, False]
[2, 3, -2, -5, 2, -17, 6],[True, True, False, False, False, False, False, True, False, False]
[3, 3, 2, 3, 0, 6, -6],[True, False, False, False, False, False, True, False, True, False]
[2, 1, 1, -7, -26, -83, -214],[False, False, False, True, True, False, False, False, True, False]
[2, 3, 3, 5, 3, 9, -1],[True, False, False, False, True, False, True, False, False, False]
[1, 3, 3, -13, -21, -181, -389],[False, False, False, False, True, False, False, True, True, False]
[2, 3, 2, -13, -16, -19, -22],[True, True, False, False, False, False, False, False, True, False]
[2, 2, 2, -4, -4, 20, 44],[True, False, False, False, False, False, False, True, True, False]
[2, 1, 1, 52, 113, 202, 225],[False, True, False, True, False, False, False, False, True, False]
[1, 3, 1, 18, 3, 650, 21],[True, True, False, False, False, False, False, True, False, False]
[1, 1, 2, -1, -4, -13, -46],[False, False, False, False, False, False, True, True, False, True]
[2, 40, 64, 208, 234, 648, 468],[False, False, True, True, True, False, False, False, False, False]
[1, 3, 2, 25, 33, 122, 271],[False, True, False, False, False, False, True, False, True, False]
[3, 3, 1, 3, -1, -7, 5],[False, True, False, False, True, False, False, False, True, False]
[1, 1, 1, -5, -5, -29, -5],[False, False, False, False, False, False, True, True, True, False]
[3, 2, 3, 11, 39, 51, -147],[True, False, True, False, False, False, False, False, False, True]
[0, 14, 52, 126, 248, 430, 684],[True, False, True, True, False, False, False, False, False, False]
[1, 1, 2, -262, -506, -875, -63],[True, False, False, True, False, False, False, False, True, False]
[2, 2, 1, 47, 28, 80, 67],[False, False, True, False, True, False, False, False, False, True]
[2, 2, 1, -5, 10, -43, 83],[False, True, False, False, True, False, False, False, True, False]
[1, 1, -27, -64, 15, 109, -413],[True, False, False, True, False, False, True, False, False, False]
[2, 1, 2, -28, -54, -80, 665],[False, True, True, False, False, False, False, False, False, True]
[2, 1, 1, 12, 8, -562, 46],[False, True, False, False, False, False, False, True, False, True]
[1, 1, 2, -6, -3, 24, 37],[True, False, False, False, False, False, False, True, True, False]
[2, 1, 1, -11, -7, 29, 65],[False, True, False, False, False, False, True, False, True, False]
[1, 2, 0, 6, -2, 70, 6],[True, False, False, False, False, False, True, True, False, False]
[1, 3, 2, -3, -27, -12, -27],[True, False, False, False, False, False, True, False, False, True]
[2, 2, 1, 0, -2, 2, 0],[True, False, False, False, False, False, True, False, False, True]
[2, 1, 3, 80, 126, 179, 167],[True, False, True, False, False, False, False, False, True, False]
[2, 2, 1, 14, 9, 71, 241],[False, False, False, False, False, False, True, False, True, True]
[3, 2, 0, 16, 50, 108, 196],[False, False, True, True, False, False, True, False, False, False]
[1, 1, 1, -2, -14, -53, -164],[False, False, False, False, True, False, True, False, True, False]
[3, 19, 59, 135, 259, 443, 699],[True, True, False, True, False, False, False, False, False, False]
[2, 2, -2, -2, 18, 18, 558],[False, False, False, False, True, False, True, True, False, False]
[1, 1, 1, -70, 11, -242, 421],[False, False, False, True, True, False, False, False, True, False]
[2, 2, 2, -12, -49, -134, -317],[False, False, True, False, True, False, False, False, False, True]
[3, 3, 3, -3, -3, -33, -33],[False, False, False, False, False, False, True, True, False, True]
[2, 2, 2, 10, 10, 2, 34],[True, False, False, False, False, False, True, False, True, False]
[1, 2, 3, -4, 22, -51, 133],[False, False, False, False, True, False, False, True, True, False]
[2, 2, 3, 16, 17, 46, 801],[False, False, False, False, False, False, True, False, True, True]
[1, 1, -3, -7, -29, -21, -133],[False, False, True, True, True, False, False, False, False, False]
[2, 1, -1, -1, -1, -1, -1],[True, False, False, False, True, False, False, True, False, False]
[1, 2, 1, 1, 6, -4, 6],[True, False, False, False, True, False, False, False, True, False]
[3, 1, 9, -7, 41, -71, 233],[True, False, False, False, True, False, True, False, False, False]
[2, 3, 1, 111, 235, 95, -463],[False, False, False, True, False, False, True, False, True, False]
[1, 1, 3, 5, 5, 45, 125],[False, False, False, False, True, False, False, False, True, True]
[2, 3, 3, -6, -6, 12, 12],[False, False, False, False, True, False, True, False, False, True]
[1, 3, 3, -4, -20, -20, -34],[True, False, False, False, False, False, False, False, True, True]
[3, 2, 3, -24, 62, -201, 723],[True, False, False, False, True, False, False, False, True, False]
[2, 1, 3, 3, -11, 5, -107],[True, False, False, False, False, False, False, True, False, True]
[1, 3, 2, -17, -34, -40, -338],[False, True, True, False, False, False, False, False, False, True]
[2, 3, 1, -15, -12, 42, 81],[False, False, False, False, False, False, True, True, True, False]
[3, 2, 54, 94, 91, 110, 182],[False, True, True, False, False, False, True, False, False, False]
[1, 1, 1, 5, 13, 5, -59],[False, False, False, False, True, False, False, True, False, True]
[2, 1, 2, 4, -14, -12, 106],[False, True, False, False, False, False, True, False, False, True]
[1, 1, 3, -13, -22, -17, 290],[True, False, True, False, False, False, False, False, False, True]
[3, 2, 6, 10, 14, 18, 22],[True, False, False, False, True, False, False, True, False, False]
[1, 1, 1, -2, -2, -11, -20],[True, False, False, False, False, False, False, True, True, False]
[2, 2, 3, 8, -12, 90, -88],[False, False, False, False, True, False, False, False, True, True]
[-1, 6, 25, 62, 123, 214, 341],[True, False, True, True, False, False, False, False, False, False]
[2, 1, 3, -1, -13, 11, 63],[False, False, False, False, False, False, True, True, True, False]
[3, 13, 9, 57, -41, 309, -675],[False, True, True, False, True, False, False, False, False, False]
[3, 2, 38, 36, 158, 92, 474],[False, True, False, True, True, False, False, False, False, False]
[1, 3, 3, -19, 59, -331, 211],[False, False, False, False, True, False, False, False, True, True]
[3, 3, 2, 6, 15, -13, -198],[True, True, False, False, False, False, False, True, False, False]
[2, 2, 17, -8, 92, -178, 667],[False, True, False, False, True, False, True, False, False, False]
[1, 1, 2, -20, -26, 354, 727],[False, False, True, False, False, False, False, True, True, False]
[-5, -16, -33, -56, -85, -120, -161],[True, True, True, False, False, False, False, False, False, False]
[2, 2, 2, 112, 234, -24, -698],[False, False, False, True, False, False, True, False, True, False]
[2, 1, 2, -6, 5, -4, -203],[False, True, False, False, False, False, False, False, True, True]
[2, 3, -16, -36, -144, -264, -744],[False, True, True, False, False, False, True, False, False, False]
[1, 3, 2, 11, 22, 129, 726],[False, True, False, False, False, False, False, True, False, True]
[2, 1, 3, 2, 1, 3, 2],[False, False, True, False, False, False, False, False, True, True]
[3, 1, 1, -7, 3, -7, 11],[True, False, False, False, True, False, False, False, True, False]
[2, 3, 3, -9, -16, -16, -64],[True, False, False, False, False, False, False, False, True, True]
[1, 3, 2, -14, 34, -186, 146],[False, False, False, False, True, False, False, True, False, True]
[1, 1, 0, 0, 0, 0, 0],[True, False, False, False, False, False, True, True, False, False]
[2, 3, -6, -16, -30, -48, -70],[False, True, True, False, False, False, True, False, False, False]
[3, 2, 2, 41, 72, 105, -12],[True, False, True, False, False, False, False, False, True, False]
[1, 2, 1, -7, -12, -16, 11],[True, False, False, False, False, False, True, False, True, False]
[1, 1, 2, 4, 0, -16, 48],[False, False, False, False, True, False, False, True, False, True]
[1, 1, 1, 1, 1, 1, 1],[True, False, False, False, False, False, True, True, False, False]
[-5, -20, -45, -80, -125, -180, -245],[True, False, True, True, False, False, False, False, False, False]
[-7, 2, 35, 104, 221, 398, 647],[True, True, False, True, False, False, False, False, False, False]
[1, -17, -19, -45, -55, -89, -107],[True, False, True, False, True, False, False, False, False, False]
[1, 11, 37, 83, 157, 263, 409],[False, True, False, True, True, False, False, False, False, False]
[3, 2, 2, -18, 44, -82, 150],[False, False, False, False, True, False, True, False, True, False]
[1, 1, 3, -21, -25, -39, 77],[False, True, True, False, False, False, False, False, True, False]
[3, 18, 63, 130, 265, 406, 707],[False, False, True, True, True, False, False, False, False, False]
[3, 2, 0, -8, -20, -56, -108],[False, True, False, False, True, False, True, False, False, False]
[1, 3, 1, -1, 31, -121, 487],[False, False, False, False, True, False, False, True, False, True]
[1, 2, 2, -1, 6, -2, -10],[False, True, False, False, True, False, False, False, True, False]
[2, 3, 1, -3, 9, -27, 81],[False, False, True, False, True, False, False, False, False, True]
[1, 1, 2, 3, 11, 37, 392],[False, True, False, False, False, False, False, True, False, True]
[3, 1, 26, 54, 121, 203, 336],[False, False, True, True, True, False, False, False, False, False]
[2, 2, 1, 74, 119, 177, 23],[False, True, True, False, False, False, False, False, True, False]
[-3, -15, -57, -147, -303, -543, -885],[True, False, True, True, False, False, False, False, False, False]
[1, 1, 12, 15, 18, 21, 24],[True, True, False, False, False, False, True, False, False, False]
[1, 3, 1, 11, 43, 15, 487],[False, True, False, False, False, False, False, False, True, True]
[2, 3, 8, 12, 32, 48, 128],[False, False, False, False, True, False, True, True, False, False]
[3, 3, 5, 1, 15, -25, 97],[True, False, False, False, True, False, True, False, False, False]
[1, 1, 2, -4, -5, -5, -28],[True, False, False, False, False, False, True, False, False, True]
[2, 2, 2, 0, 8, -28, 176],[False, False, False, False, True, False, False, True, False, True]
[1, 2, 3, -8, 19, -26, 173],[False, True, False, False, True, False, False, False, False, True]
[2, 1, 2, 9, 0, 9, 240],[True, False, False, False, False, False, False, True, False, True]
[-4, -11, -30, -67, -128, -219, -346],[True, False, True, True, False, False, False, False, False, False]
[1, 3, 2, -7, 37, 0, 85],[False, False, False, False, True, False, True, False, False, True]
[2, 2, 2, 0, 0, 0, 0],[False, False, False, False, False, False, True, False, True, True]
[3, 3, 1, -4, -13, -94, -820],[False, False, False, False, True, False, False, True, True, False]
[3, 1, 2, 0, 12, -4, 204],[False, False, False, False, False, False, True, True, True, False]
[2, 2, 12, 13, 44, 48, 142],[True, True, False, False, False, False, True, False, False, False]
[3, 3, 1, 3, 1, 3, 1],[True, False, False, False, True, False, False, True, False, False]
[1, 1, 2, -7, -7, -28, -21],[False, True, False, False, False, False, True, False, True, False]
[3, 2, 16, 50, 109, 198, 322],[False, True, False, False, True, False, True, False, False, False]
[3, 12, 10, 51, -27, 262, -540],[True, False, True, False, True, False, False, False, False, False]
[1, 12, 16, 33, 43, 66, 82],[True, False, True, False, True, False, False, False, False, False]
[1, 3, 3, 1, 11, 11, 1],[True, False, False, False, False, False, False, False, True, True]
[1, 3, 3, -37, 27, -123, 111],[False, False, True, False, True, False, False, False, True, False]
[2, 1, 3, 24, 39, 45, -506],[False, True, True, False, False, False, False, False, False, True]
[2, 1, 2, -3, -11, -47, -514],[False, False, False, False, False, False, True, True, True, False]
[1, 3, 2, 8, -1, 20, -19],[False, True, False, False, True, False, False, False, False, True]
[3, 3, 3, 0, 9, -18, 54],[False, False, False, False, True, False, True, False, False, True]
[1, 2, 3, -8, 3, 260, -85],[False, False, True, False, False, False, False, True, True, False]
[1, 1, -1, -1, 7, 7, -121],[True, False, False, False, False, False, True, True, False, False]
[2, 1, 11, 14, 17, 20, 23],[True, True, False, False, False, False, False, True, False, False]
[1, -4, -1, -6, -3, -8, -5],[True, True, False, False, True, False, False, False, False, False]
[3, 3, 1, -49, -110, -211, -588],[False, True, False, True, False, False, False, False, True, False]
[2, 3, 2, 10, -7, 46, 66],[False, False, False, False, True, False, False, False, True, True]
[3, 3, 3, -6, 3, -24, -6],[False, False, False, False, True, False, True, False, False, True]
[1, 1, 3, 0, 3, 12, -12],[False, False, False, False, True, False, False, False, True, True]
[2, 1, 9, -8, 52, -117, 403],[True, False, True, False, True, False, False, False, False, False]
[1, 3, 1, -13, 1, -573, 1],[True, False, False, False, False, False, True, True, False, False]
[1, 2, 3, 16, 13, 4, -971],[True, False, True, False, False, False, False, False, False, True]
[2, 1, 3, 16, 27, 30, -399],[False, False, True, False, False, False, False, False, True, True]
[1, 1, -7, -11, -47, -67, -215],[True, True, False, False, False, False, True, False, False, False]
[2, 1, 1, 19, 43, 65, -629],[True, False, True, False, False, False, False, False, False, True]
[3, 1, 2, -11, 0, 581, -28],[False, True, False, False, False, False, False, True, False, True]
[1, 1, 3, 11, 14, 9, -100],[False, True, False, False, True, False, False, False, False, True]
[3, 1, 2, 20, 17, 111, 168],[True, False, False, False, False, False, True, False, True, False]
[1, 1, 3, -3, -3, -27, -27],[True, False, True, False, False, False, False, False, False, True]
[1, 24, 3, 78, -31, 236, -241],[False, True, True, False, True, False, False, False, False, False]
[1, 1, 3, -84, -129, -192, 91],[False, False, True, False, False, False, False, False, True, True]
[1, 8, 12, 16, 20, 24, 28],[True, True, False, False, True, False, False, False, False, False]
[3, 2, 1, 9, 38, 130, 393],[False, True, False, False, True, False, False, False, True, False]
[2, 1, 2, 183, 369, 639, 477],[True, False, False, True, False, False, False, False, True, False]
[3, 12, 29, 54, 87, 128, 177],[True, True, True, False, False, False, False, False, False, False]
[2, 3, 2, -8, -12, -8, 32],[True, False, False, False, True, False, False, False, True, False]
[1, 3, 1, 1, -15, 33, -63],[True, False, False, False, True, False, False, False, False, True]
[3, 3, 1, 11, 16, 27, 2],[False, True, False, False, False, False, False, True, True, False]
[1, -26, -29, -134, -107, -434, -161],[False, False, True, True, True, False, False, False, False, False]
[2, 1, 0, 2, -5, 18, -58],[True, False, False, False, True, False, True, False, False, False]
[1, 2, 2, 1, 13, -26, 250],[False, False, False, False, True, False, False, True, False, True]
[1, 2, 1, -37, -60, -77, 87],[False, False, True, False, True, False, False, False, True, False]
[2, 3, 1, 7, 13, 6, 55],[True, True, False, False, False, False, False, False, False, True]
[3, 1, -21, -30, -3, -6, -85],[False, True, True, False, False, False, True, False, False, False]
[0, -10, -44, -114, -232, -410, -660],[True, True, False, True, False, False, False, False, False, False]
[2, 1, 1, 72, 128, 219, 701],[True, False, False, True, False, False, False, False, True, False]
[3, 3, 1, -9, -50, -207, -916],[False, True, False, False, True, False, False, False, False, True]
[3, 3, 1, -62, -123, -218, -471],[True, False, False, True, False, False, False, False, True, False]
[3, 2, -1, 1, -6, -3, -105],[False, False, False, False, True, False, True, True, False, False]
[1, 12, 45, 112, 225, 396, 637],[False, True, True, True, False, False, False, False, False, False]
[2, 2, 2, -18, 2, -18, -958],[True, False, False, False, True, False, False, False, False, True]
[3, 1, 2, 3, 3, -8, -53],[False, False, False, False, True, False, False, True, True, False]
[1, 1, 1, 4, 10, 52, 304],[False, False, False, False, True, False, False, True, False, True]
[2, 2, 3, 70, 115, 165, -105],[False, False, True, False, False, False, False, True, True, False]
[2, 3, -14, -19, 66, 91, -334],[True, False, True, False, False, False, True, False, False, False]
[1, 3, 9, 23, 53, 115, 241],[True, True, False, False, True, False, False, False, False, False]
[1, 1, 2, -5, -6, -6, 28],[False, True, False, False, False, False, False, False, True, True]
[1, 2, 1, -16, -24, -24, 40],[True, True, False, False, False, False, False, False, True, False]
[2, 3, 1, 15, 20, 10, 80],[True, False, False, False, True, False, False, False, True, False]
[10, 23, 44, 73, 110, 155, 208],[True, True, True, False, False, False, False, False, False, False]
[2, 2, 8, -6, 46, -120, 434],[False, True, False, False, True, False, True, False, False, False]
[2, 3, 1, -15, -25, -34, -31],[True, False, True, False, False, False, False, False, True, False]
[2, 3, -19, 43, -55, -9, 245],[True, False, False, False, True, False, True, False, False, False]
[1, 3, 2, -4, 9, -8, -61],[True, False, False, False, False, False, False, True, False, True]
[2, 1, 2, 16, 40, 92, 252],[True, False, False, False, True, False, False, False, True, False]
[2, 0, -1, -2, -3, -4, -5],[True, True, False, False, True, False, False, False, False, False]
[1, 1, 1, 3, 5, -17, -63],[True, True, False, False, False, False, False, True, False, False]
[2, 3, 1, 2, 5, 19, 74],[True, False, False, False, True, False, False, False, True, False]
[1, 3, 3, -5, -46, -88, -195],[False, True, False, False, True, False, False, False, False, True]
[3, 1, 3, 8, 7, 28, -66],[False, False, True, False, True, False, False, False, True, False]
[2, 2, 5, 6, 28, 40, 789],[True, True, False, False, False, False, False, True, False, False]
[1, 1, 3, -19, 0, -30, 85],[False, True, False, False, True, False, False, False, True, False]
[2, 1, 1, 3, 17, 4, -833],[False, False, True, False, False, False, False, True, True, False]
[1, 1, 1, 2, 3, 7, 13],[True, True, False, False, False, False, False, True, False, False]
[6, 30, 84, 180, 330, 546, 840],[False, True, True, True, False, False, False, False, False, False]
[2, 3, 1, 7, -2, 10, 106],[True, False, False, False, True, False, False, False, False, True]
[2, 3, -22, 73, -182, 363, -542],[False, True, False, False, True, False, True, False, False, False]
[2, 3, 1, 4, 10, 18, 28],[False, True, True, False, False, False, False, False, True, False]
[1, 1, 2, -1, -3, 6, 7],[False, False, False, False, False, False, True, True, False, True]
[2, 3, 2, 14, 5, 21, -14],[False, True, False, False, True, False, False, False, True, False]
[3, 1, 2, 9, -8, -235, -156],[True, False, False, False, False, False, False, True, True, False]
[2, 1, 1, 5, 3, 75, 47],[False, False, False, False, False, False, False, True, True, True]
[3, 1, 1, 1, 3, 3, 43],[True, False, False, False, False, False, False, True, True, False]
[2, 1, 2, 13, 32, 43, 476],[False, False, False, False, True, False, True, False, False, True]
[1, 3, -4, 3, -4, 3, -4],[True, False, False, False, True, False, True, False, False, False]
[1, 2, 1, 9, -13, 191, -41],[True, False, False, False, True, False, False, True, False, False]
[2, 1, 2, -3, 15, -55, 215],[True, False, False, False, True, False, False, False, True, False]
[2, 1, 2, 8, -7, 64, -207],[False, False, True, False, True, False, False, False, False, True]
[2, 1, 2, -21, -18, -49, 66],[False, True, False, False, False, False, True, False, True, False]
[2, 3, 1, 5, 3, -7, 71],[False, False, False, False, True, False, False, False, True, True]
[3, 3, 3, -80, -208, -391, -556],[False, False, True, False, True, False, False, False, True, False]
[2, 1, 1, -74, -105, -149, 174],[True, False, True, False, False, False, False, False, True, False]
[3, 1, 1, 43, 53, 75, 269],[True, False, True, False, False, False, False, False, True, False]
[1, 3, 1, -21, -11, -885, -179],[False, False, False, False, False, False, False, True, True, True]
[3, 3, 1, -58, -119, -216, -520],[True, False, False, True, False, False, False, False, True, False]
[1, 2, 2, -6, -4, -160, -40],[False, True, False, False, False, False, False, True, True, False]
[2, 2, 2, 8, 8, 104, 224],[False, False, False, False, False, False, True, True, False, True]
[1, 1, 2, 2, -7, 8, -127],[False, False, False, False, True, False, False, True, False, True]
[3, -3, -21, -57, -117, -207, -333],[True, True, False, True, False, False, False, False, False, False]
[1, 1, 5, 5, -7, -7, -67],[True, False, False, False, False, False, True, True, False, False]
[1, 1, 3, -1, 13, -27, 95],[False, True, False, False, True, False, True, False, False, False]
[2, 2, 3, -2, -1, -8, 3],[False, False, False, False, False, False, True, False, True, True]
[3, 3, 2, 18, 19, -10, 917],[False, False, False, False, False, False, True, False, True, True]
[1, 2, 3, -3, -6, -9, -99],[False, False, False, False, False, False, True, True, False, True]
[1, 2, 1, -116, -238, -412, -194],[False, True, False, True, False, False, False, False, True, False]
[2, 3, -11, -17, 7, 15, -37],[True, True, False, False, False, False, True, False, False, False]
[1, 1, -11, -28, -86, -200, -493],[False, True, False, False, True, False, True, False, False, False]
[1, 3, 3, -20, 55, -320, -400],[False, False, False, False, True, False, False, False, True, True]
[3, 3, 3, 0, 9, -18, 54],[False, False, False, False, True, False, False, False, True, True]
[1, 14, 11, 58, 29, 182, 7],[False, True, False, True, True, False, False, False, False, False]
[1, 1, 3, -8, -8, -48, -224],[False, False, True, False, False, False, False, False, True, True]
[1, 1, 1, 1, 1, 1, 1],[False, False, False, False, True, False, True, True, False, False]
[7, 12, 17, 22, 27, 32, 37],[True, True, False, True, False, False, False, False, False, False]
[2, 3, 1, -1, 14, -69, 346],[False, False, False, False, True, False, False, False, True, True]
[1, 1, 2, -4, 14, -38, 106],[False, False, False, False, True, False, False, False, True, True]
[2, 1, 3, -1, -1, -1, -1],[True, False, False, False, False, False, False, True, False, True]
[3, 14, 28, 45, 65, 88, 114],[True, True, False, False, True, False, False, False, False, False]
[11, 42, 105, 212, 375, 606, 917],[False, True, True, True, False, False, False, False, False, False]
[1, 3, 3, 6, 14, 39, 212],[False, True, False, False, False, False, False, True, True, False]
[2, 3, -65, -131, -160, -229, -379],[False, False, True, True, False, False, True, False, False, False]
[3, 1, 3, -5, 3, 67, 3],[True, False, False, False, False, False, True, True, False, False]
[1, 2, 1, -5, 33, -165, 945],[False, False, False, False, True, False, False, False, True, True]
[2, 1, 2, 0, 13, -2, 806],[False, False, False, False, False, False, True, True, True, False]
[2, 2, -114, -262, -158, -78, -898],[False, False, True, True, False, False, True, False, False, False]
[2, 3, 1, -1, 20, 0, -395],[False, False, False, False, False, False, False, True, True, True]
[3, 1, 1, -5, 25, -125, 625],[False, False, False, False, True, False, True, False, False, True]
[1, 3, 3, 6, 30, 33, 138],[False, False, False, False, False, False, True, True, False, True]
[-1, 3, 7, 11, 15, 19, 23],[True, True, False, True, False, False, False, False, False, False]
[3, 2, 1, 52, 75, 102, 133],[False, True, True, False, False, False, False, False, True, False]
[2, 1, 3, -5, -13, -85, -381],[False, False, False, False, True, False, True, False, False, True]
[3, 2, -57, -131, -253, -435, -689],[True, False, False, True, False, False, True, False, False, False]
[1, 2, 1, 9, 8, 30, 43],[True, False, False, False, False, False, True, False, True, False]
[3, 3, 3, -8, -29, -54, 137],[False, True, True, False, False, False, False, False, False, True]
[1, 2, 2, 1, -2, -5, 1],[False, False, True, False, False, False, False, True, True, False]
[1, 1, 2, -2, -5, -14, -35],[True, False, False, False, False, False, False, True, False, True]
[3, 3, 102, 266, 346, 440, 876],[False, False, True, True, False, False, True, False, False, False]
[3, 2, 3, -1, 6, -13, 27],[False, False, False, False, False, False, True, False, True, True]
[-1, -13, -37, -79, -145, -241, -373],[True, True, False, True, False, False, False, False, False, False]
[1, 3, 1, 6, 1, 10, 20],[False, True, False, False, True, False, False, False, False, True]
[3, 3, 31, 59, 11, -29, 167],[True, False, True, False, False, False, True, False, False, False]
[2, 3, 3, 8, 23, 83, 268],[False, False, True, False, True, False, False, False, False, True]
[2, 3, -3, 8, 4, 165, 17],[True, True, False, False, False, False, False, True, False, False]
[1, 1, 1, 0, -3, -10, -27],[False, True, False, False, True, False, False, False, False, True]
[1, 1, 3, 6, -9, -135, -648],[False, False, False, False, True, False, False, True, False, True]
[3, 1, 1, -6, 8, -160, 64],[False, False, False, False, True, False, False, True, False, True]
[1, 1, 3, 18, 7, -618, -63],[False, True, False, False, False, False, False, True, False, True]
[2, 1, 3, 30, 44, 12, 10],[False, False, True, False, False, False, True, False, True, False]
[2, 1, 2, 3, -8, -23, -274],[False, False, False, False, False, False, True, True, True, False]
[2, 2, 3, 22, 25, 33, 131],[False, True, False, False, False, False, False, True, True, False]
[1, 2, -3, -7, 13, 29, -51],[True, False, False, True, False, False, True, False, False, False]
[2, 12, 3, 59, -72, 366, -895],[False, True, True, False, True, False, False, False, False, False]
[1, 3, -106, -260, -177, -79, -836],[True, False, False, True, False, False, True, False, False, False]
[3, 1, 1, -24, -27, -38, 24],[True, False, True, False, False, False, False, False, True, False]
[1, 1, 3, -9, -5, -91, 111],[False, False, False, False, True, False, False, True, True, False]
[1, 3, 1, 51, 84, 111, 300],[True, False, True, False, False, False, False, False, True, False]
[2, 1, 2, -9, -24, -105, -274],[False, False, True, False, True, False, True, False, False, False]
[1, 2, 2, 10, 24, 120, 996],[False, False, False, False, False, False, False, True, True, True]
[2, 1, 0, 3, -12, 51, -396],[False, False, False, False, True, False, True, True, False, False]
[1, 2, 3, 9, -6, 63, -179],[False, True, False, False, True, False, False, False, True, False]
[1, 3, 2, 6, -5, 44, 25],[False, False, True, False, False, False, False, True, True, False]
[2, 2, 2, -2, -14, -50, -174],[False, False, False, False, True, False, False, False, True, True]
[2, 1, 2, 168, 351, 616, 329],[False, True, False, True, False, False, False, False, True, False]
[3, 2, 1, -17, -22, -27, -32],[True, True, False, False, False, False, False, False, True, False]
[2, 1, 1, 13, 9, 18, -22],[False, True, False, False, True, False, False, False, True, False]
[3, 2, 2, 7, 14, 18, 7],[False, True, False, False, True, False, False, False, True, False]
[1, 2, 2, 5, 11, 26, 170],[False, False, False, False, True, False, False, True, False, True]
[2, 3, -4, -11, -4, -95, -4],[True, False, False, False, False, False, True, True, False, False]
[2, -4, 4, 0, 10, 8, 20],[False, True, True, False, True, False, False, False, False, False]
[2, 2, 29, 50, 104, 158, 251],[False, False, True, True, False, False, True, False, False, False]
[1, -1, -1, -3, -3, -5, -5],[True, True, False, False, True, False, False, False, False, False]
[1, 1, 2, -12, 30, -112, -372],[False, False, False, False, True, False, False, False, True, True]
[2, 3, 1, -31, -45, -46, 101],[True, False, True, False, False, False, False, False, True, False]
[1, 3, 1, 6, -4, 33, 8],[True, False, False, False, False, False, False, True, True, False]
[2, 3, 2, 20, -5, 102, 976],[False, False, False, False, True, False, True, False, False, True]
[1, 2, 1, -7, 2, -53, 63],[False, False, False, False, True, False, False, True, True, False]
[2, 2, 3, 184, 5, 635, -425],[False, False, False, True, True, False, False, False, True, False]
[2, 1, 3, 33, -27, 180, -492],[False, False, True, False, True, False, False, False, True, False]
[0, 2, 18, 60, 140, 270, 462],[False, True, True, True, False, False, False, False, False, False]
[3, 3, 3, 12, 12, 21, 39],[True, False, False, False, False, False, True, False, True, False]
[1, 1, 8, 22, 85, 281, 988],[True, False, False, False, True, False, True, False, False, False]
[3, 1, 1, -257, -493, -855, -587],[False, True, False, True, False, False, False, False, True, False]
[2, 3, 3, 21, 74, 237, 298],[False, True, False, False, True, False, False, False, False, True]
[2, 3, 6, 17, 60, 231, 914],[True, True, False, False, True, False, False, False, False, False]
[1, 2, 21, 27, 51, 62, 91],[True, True, False, False, False, False, True, False, False, False]
[3, 2, 1, -8, 30, -104, 356],[False, False, False, False, True, False, True, False, True, False]
[2, 1, 1, -4, -19, -23, 68],[False, True, False, False, False, False, False, False, True, True]
[1, 3, 3, 0, 18, 18, 0],[False, False, True, False, False, False, False, False, True, True]
[1, 1, 2, -1, 5, -10, 47],[False, True, False, False, False, False, False, True, False, True]
[-3, -1, 1, 3, 5, 7, 9],[True, True, False, True, False, False, False, False, False, False]
[3, 2, 3, 7, 11, 52, 128],[False, False, True, False, False, False, False, True, True, False]
[5, 11, 23, 41, 65, 95, 131],[True, True, True, False, False, False, False, False, False, False]
[1, 10, 7, 34, 7, 94, -41],[False, True, True, False, True, False, False, False, False, False]
[1, 1, 2, -5, 1, 34, -77],[True, False, False, False, False, False, False, True, False, True]
[3, 0, -13, -40, -85, -152, -245],[True, False, True, False, True, False, False, False, False, False]
